<?xml version="1.0" encoding="UTF-8"?><?xml-stylesheet type='text/xsl' href='_UpgradeReport_Files/UpgradeReport.xslt'?><UpgradeLog>
<Properties><Property Name="Solution" Value="TenderManagementSystem">
</Property><Property Name="Solution File" Value="F:\varun\svn_tcms_wc\TenderManagementSystem.sln">
</Property><Property Name="Date" Value="24 April 2014">
</Property><Property Name="Time" Value="12:27">
</Property><Property Name="Log Number" Value="3">
</Property></Properties><Event ErrorLevel="0" Project="TenderManagementSystem" Source="TenderManagementSystem.csproj" Description="Project converted successfully">
</Event><Event ErrorLevel="3" Project="TenderManagementSystem" Source="TenderManagementSystem.csproj" Description="Converted">
</Event><Event ErrorLevel="0" Project="" Source="TenderManagementSystem.sln" Description="Solution converted successfully">
</Event><Event ErrorLevel="3" Project="" Source="TenderManagementSystem.sln" Description="Converted">
</Event><Event ErrorLevel="0" Project="TenderManagementSystem" Source="TenderManagementSystem.csproj" Description="Scan complete: Upgrade not required for project files.">
</Event></UpgradeLog>