<?xml version="1.0" encoding="UTF-8"?><?xml-stylesheet type='text/xsl' href='_UpgradeReport_Files/UpgradeReport.xslt'?><UpgradeLog>
<Properties><Property Name="Solution" Value="TenderManagementSystem">
</Property><Property Name="Solution File" Value="F:\svn_tcms_wc\TenderManagementSystem.sln">
</Property><Property Name="Date" Value="Tuesday, January 21, 2014">
</Property><Property Name="Time" Value="14:20 PM">
</Property></Properties><Event ErrorLevel="0" Project="TenderManagementSystem" Source="TenderManagementSystem.csproj" Description="The project file does not require conversion.">
</Event><Event ErrorLevel="3" Project="TenderManagementSystem" Source="TenderManagementSystem.csproj" Description="No Conversion Required">
</Event><Event ErrorLevel="2" Project="TenderManagementSystem" Source="TenderManagementSystem.csproj" Description="Unable to read the project file 'TenderManagementSystem.csproj'. &#xA;F:\svn_tcms_wc\TenderManagementSystem.csproj(58,2): The project file could not be loaded. Name cannot begin with the '&lt;' character, hexadecimal value 0x3C. Line 58, position 2.">
</Event><Event ErrorLevel="0" Project="" Source="TenderManagementSystem.sln" Description="Solution converted successfully">
</Event><Event ErrorLevel="3" Project="" Source="TenderManagementSystem.sln" Description="Converted">
</Event></UpgradeLog>